unitid,year,inst_name,slug,state,color,group_maine,group_new_england,is_bowdoin,applied,admitted,enrolled,acceptance_rate,yield_rate,grad_rate_150
164465,2002,Amherst College,amherst,MA,#C07400,False,True,False,5238,957,409,18.27,42.74,
164465,2003,Amherst College,amherst,MA,#C07400,False,True,False,5632,1003,413,17.81,41.18,
164465,2004,Amherst College,amherst,MA,#C07400,False,True,False,5489,1136,427,20.7,37.59,
164465,2005,Amherst College,amherst,MA,#C07400,False,True,False,6284,1175,431,18.7,36.68,
164465,2006,Amherst College,amherst,MA,#C07400,False,True,False,6142,1144,433,18.63,37.85,
164465,2007,Amherst College,amherst,MA,#C07400,False,True,False,6680,1175,474,17.59,40.34,
164465,2008,Amherst College,amherst,MA,#C07400,False,True,False,7745,1144,438,14.77,38.29,
164465,2009,Amherst College,amherst,MA,#C07400,False,True,False,7679,1227,467,15.98,38.06,
164465,2010,Amherst College,amherst,MA,#C07400,False,True,False,8099,1240,490,15.31,39.52,
164465,2011,Amherst College,amherst,MA,#C07400,False,True,False,8460,1127,461,13.32,40.91,
164465,2012,Amherst College,amherst,MA,#C07400,False,True,False,8461,1127,461,13.32,40.91,
164465,2013,Amherst College,amherst,MA,#C07400,False,True,False,7927,1132,466,14.28,41.17,
164465,2014,Amherst College,amherst,MA,#C07400,False,True,False,8477,1173,469,13.84,39.98,
164465,2015,Amherst College,amherst,MA,#C07400,False,True,False,8568,1210,477,14.12,39.42,
164465,2016,Amherst College,amherst,MA,#C07400,False,True,False,8396,1149,471,13.69,40.99,
164465,2017,Amherst College,amherst,MA,#C07400,False,True,False,9285,1198,471,12.9,39.32,
164465,2018,Amherst College,amherst,MA,#C07400,False,True,False,9723,1246,492,12.81,39.49,
164465,2019,Amherst College,amherst,MA,#C07400,False,True,False,10569,1195,470,11.31,39.33,
164465,2020,Amherst College,amherst,MA,#C07400,False,True,False,10603,1254,434,11.83,34.61,
164465,2021,Amherst College,amherst,MA,#C07400,False,True,False,13999,1224,515,8.74,42.08,
164465,2022,Amherst College,amherst,MA,#C07400,False,True,False,14864,1079,467,7.26,43.28,
189097,2002,Barnard College,barnard,NY,#AD1457,False,False,False,3686,1269,543,34.43,42.79,
189097,2003,Barnard College,barnard,NY,#AD1457,False,False,False,4034,1254,554,31.09,44.18,
189097,2004,Barnard College,barnard,NY,#AD1457,False,False,False,4380,1201,553,27.42,46.04,
189097,2005,Barnard College,barnard,NY,#AD1457,False,False,False,4431,1216,571,27.44,46.96,
189097,2006,Barnard College,barnard,NY,#AD1457,False,False,False,4599,1173,556,25.51,47.4,
189097,2007,Barnard College,barnard,NY,#AD1457,False,False,False,4574,1315,559,28.75,42.51,
189097,2008,Barnard College,barnard,NY,#AD1457,False,False,False,4274,1218,574,28.5,47.13,
189097,2009,Barnard College,barnard,NY,#AD1457,False,False,False,4174,1295,594,31.03,45.87,
189097,2010,Barnard College,barnard,NY,#AD1457,False,False,False,4618,1285,580,27.83,45.14,
189097,2011,Barnard College,barnard,NY,#AD1457,False,False,False,5153,1282,612,24.88,47.74,
189097,2012,Barnard College,barnard,NY,#AD1457,False,False,False,5440,1226,599,22.54,48.86,
189097,2013,Barnard College,barnard,NY,#AD1457,False,False,False,5606,1151,580,20.53,50.39,
189097,2014,Barnard College,barnard,NY,#AD1457,False,False,False,5676,1349,619,23.77,45.89,
189097,2015,Barnard College,barnard,NY,#AD1457,False,False,False,6655,1306,635,19.62,48.62,
189097,2016,Barnard College,barnard,NY,#AD1457,False,False,False,7071,1184,605,16.74,51.1,
189097,2017,Barnard College,barnard,NY,#AD1457,False,False,False,7716,1190,603,15.42,50.67,
189097,2018,Barnard College,barnard,NY,#AD1457,False,False,False,7897,1099,605,13.92,55.05,
189097,2019,Barnard College,barnard,NY,#AD1457,False,False,False,9320,1097,632,11.77,57.61,
189097,2020,Barnard College,barnard,NY,#AD1457,False,False,False,9411,1280,690,13.6,53.91,
189097,2021,Barnard College,barnard,NY,#AD1457,False,False,False,10395,1192,769,11.47,64.51,
189097,2022,Barnard College,barnard,NY,#AD1457,False,False,False,12009,1056,697,8.79,66.0,
160977,2002,Bates College,bates,ME,#8C2131,True,True,False,4012,1121,830,27.94,74.04,
160977,2003,Bates College,bates,ME,#8C2131,True,True,False,4089,1254,487,30.67,38.84,
160977,2004,Bates College,bates,ME,#8C2131,True,True,False,4098,1215,467,29.65,38.44,
160977,2005,Bates College,bates,ME,#8C2131,True,True,False,4356,1272,490,29.2,38.52,
160977,2006,Bates College,bates,ME,#8C2131,True,True,False,4305,1363,492,31.66,36.1,
160977,2007,Bates College,bates,ME,#8C2131,True,True,False,4433,1312,442,29.6,33.69,
160977,2008,Bates College,bates,ME,#8C2131,True,True,False,5098,1487,521,29.17,35.04,
160977,2009,Bates College,bates,ME,#8C2131,True,True,False,4767,1284,469,26.94,36.53,
160977,2010,Bates College,bates,ME,#8C2131,True,True,False,4517,1437,495,31.81,34.45,
160977,2011,Bates College,bates,ME,#8C2131,True,True,False,5196,1397,502,26.89,35.93,
160977,2012,Bates College,bates,ME,#8C2131,True,True,False,4906,1305,503,26.6,38.54,
160977,2013,Bates College,bates,ME,#8C2131,True,True,False,5243,1267,500,24.17,39.46,
160977,2014,Bates College,bates,ME,#8C2131,True,True,False,5044,1282,491,25.42,38.3,
160977,2015,Bates College,bates,ME,#8C2131,True,True,False,5651,1231,517,21.78,42.0,
160977,2016,Bates College,bates,ME,#8C2131,True,True,False,5356,1213,484,22.65,39.9,
160977,2017,Bates College,bates,ME,#8C2131,True,True,False,5316,1166,494,21.93,42.37,
160977,2018,Bates College,bates,ME,#8C2131,True,True,False,7685,1367,522,17.79,38.19,
160977,2019,Bates College,bates,ME,#8C2131,True,True,False,8222,998,499,12.14,50.0,
160977,2020,Bates College,bates,ME,#8C2131,True,True,False,7696,1085,479,14.1,44.15,
160977,2021,Bates College,bates,ME,#8C2131,True,True,False,7319,1267,553,17.31,43.65,
160977,2022,Bates College,bates,ME,#8C2131,True,True,False,8273,1137,518,13.74,45.56,
161004,2002,Bowdoin College,bowdoin,ME,#1B3D6E,True,True,True,4505,1114,458,24.73,41.11,
161004,2003,Bowdoin College,bowdoin,ME,#1B3D6E,True,True,True,4719,1154,467,24.45,40.47,
161004,2004,Bowdoin College,bowdoin,ME,#1B3D6E,True,True,True,4853,1186,471,24.44,39.71,
161004,2005,Bowdoin College,bowdoin,ME,#1B3D6E,True,True,True,5026,1232,478,24.51,38.8,
161004,2006,Bowdoin College,bowdoin,ME,#1B3D6E,True,True,True,5401,1165,474,21.57,40.69,
161004,2007,Bowdoin College,bowdoin,ME,#1B3D6E,True,True,True,5961,1130,476,18.96,42.12,
161004,2008,Bowdoin College,bowdoin,ME,#1B3D6E,True,True,True,6033,1119,489,18.55,43.7,
161004,2009,Bowdoin College,bowdoin,ME,#1B3D6E,True,True,True,5940,1153,494,19.41,42.84,
161004,2010,Bowdoin College,bowdoin,ME,#1B3D6E,True,True,True,6018,1183,510,19.66,43.11,
161004,2011,Bowdoin College,bowdoin,ME,#1B3D6E,True,True,True,6554,1056,484,16.11,45.83,
161004,2012,Bowdoin College,bowdoin,ME,#1B3D6E,True,True,True,6716,1060,492,15.78,46.42,
161004,2013,Bowdoin College,bowdoin,ME,#1B3D6E,True,True,True,7052,1054,497,14.95,47.15,
161004,2014,Bowdoin College,bowdoin,ME,#1B3D6E,True,True,True,6935,1034,503,14.91,48.65,
161004,2015,Bowdoin College,bowdoin,ME,#1B3D6E,True,True,True,6790,1010,500,14.87,49.5,
161004,2016,Bowdoin College,bowdoin,ME,#1B3D6E,True,True,True,6799,1009,503,14.84,49.85,
161004,2017,Bowdoin College,bowdoin,ME,#1B3D6E,True,True,True,7251,988,501,13.63,50.71,
161004,2018,Bowdoin College,bowdoin,ME,#1B3D6E,True,True,True,9081,932,510,10.26,54.72,
161004,2019,Bowdoin College,bowdoin,ME,#1B3D6E,True,True,True,9332,845,499,9.05,59.05,
161004,2020,Bowdoin College,bowdoin,ME,#1B3D6E,True,True,True,9402,861,464,9.16,53.89,
161004,2021,Bowdoin College,bowdoin,ME,#1B3D6E,True,True,True,9325,822,517,8.82,62.9,
161004,2022,Bowdoin College,bowdoin,ME,#1B3D6E,True,True,True,9376,862,508,9.19,58.93,
173258,2002,Carleton College,carleton,MN,#00838F,False,False,False,4170,1455,502,34.89,34.5,
173258,2003,Carleton College,carleton,MN,#00838F,False,False,False,4734,1414,488,29.87,34.51,
173258,2004,Carleton College,carleton,MN,#00838F,False,False,False,4899,1403,487,28.64,34.71,
173258,2005,Carleton College,carleton,MN,#00838F,False,False,False,5036,1471,542,29.21,36.85,
173258,2006,Carleton College,carleton,MN,#00838F,False,False,False,4457,1410,504,31.64,35.74,
173258,2007,Carleton College,carleton,MN,#00838F,False,False,False,4859,1460,509,30.05,34.86,
173258,2008,Carleton College,carleton,MN,#00838F,False,False,False,4951,1350,489,27.27,36.22,
173258,2009,Carleton College,carleton,MN,#00838F,False,False,False,4784,1459,528,30.5,36.19,
173258,2010,Carleton College,carleton,MN,#00838F,False,False,False,4856,1496,512,30.81,34.22,
173258,2011,Carleton College,carleton,MN,#00838F,False,False,False,4988,1546,519,30.99,33.57,
173258,2012,Carleton College,carleton,MN,#00838F,False,False,False,5856,1496,528,25.55,35.29,
173258,2013,Carleton College,carleton,MN,#00838F,False,False,False,7045,1476,527,20.95,35.7,
173258,2014,Carleton College,carleton,MN,#00838F,False,False,False,6297,1434,521,22.77,36.33,
173258,2015,Carleton College,carleton,MN,#00838F,False,False,False,6722,1388,491,20.65,35.37,
173258,2016,Carleton College,carleton,MN,#00838F,False,False,False,6485,1467,567,22.62,38.65,
173258,2017,Carleton College,carleton,MN,#00838F,False,False,False,6499,1378,522,21.2,37.88,
173258,2018,Carleton College,carleton,MN,#00838F,False,False,False,7092,1407,529,19.84,37.6,
173258,2019,Carleton College,carleton,MN,#00838F,False,False,False,7324,1401,525,19.13,37.47,
173258,2020,Carleton College,carleton,MN,#00838F,False,False,False,6892,1460,453,21.18,31.03,
173258,2021,Carleton College,carleton,MN,#00838F,False,False,False,7915,1389,555,17.55,39.96,
173258,2022,Carleton College,carleton,MN,#00838F,False,False,False,8583,1427,532,16.63,37.28,
112260,2002,Claremont McKenna College,claremont_mckenna,CA,#827717,False,False,False,2918,814,249,27.9,30.59,
112260,2003,Claremont McKenna College,claremont_mckenna,CA,#827717,False,False,False,2892,897,284,31.02,31.66,
112260,2004,Claremont McKenna College,claremont_mckenna,CA,#827717,False,False,False,3528,766,280,21.71,36.55,
112260,2005,Claremont McKenna College,claremont_mckenna,CA,#827717,False,False,False,3734,762,271,20.41,35.56,
112260,2006,Claremont McKenna College,claremont_mckenna,CA,#827717,False,False,False,3593,812,294,22.6,36.21,
112260,2007,Claremont McKenna College,claremont_mckenna,CA,#827717,False,False,False,4140,671,268,16.21,39.94,
112260,2008,Claremont McKenna College,claremont_mckenna,CA,#827717,False,False,False,4178,800,320,19.15,40.0,
112260,2009,Claremont McKenna College,claremont_mckenna,CA,#827717,False,False,False,4276,697,282,16.3,40.46,
112260,2010,Claremont McKenna College,claremont_mckenna,CA,#827717,False,False,False,4264,729,314,17.1,43.07,
112260,2011,Claremont McKenna College,claremont_mckenna,CA,#827717,False,False,False,4412,623,305,14.12,48.96,
112260,2012,Claremont McKenna College,claremont_mckenna,CA,#827717,False,False,False,5058,688,291,13.6,42.3,
112260,2013,Claremont McKenna College,claremont_mckenna,CA,#827717,False,False,False,5518,647,337,11.73,52.09,
112260,2014,Claremont McKenna College,claremont_mckenna,CA,#827717,False,False,False,6043,651,327,10.77,50.23,
112260,2015,Claremont McKenna College,claremont_mckenna,CA,#827717,False,False,False,7156,784,343,10.96,43.75,
112260,2016,Claremont McKenna College,claremont_mckenna,CA,#827717,False,False,False,6342,599,321,9.44,53.59,
112260,2017,Claremont McKenna College,claremont_mckenna,CA,#827717,False,False,False,6349,658,352,10.36,53.5,
112260,2018,Claremont McKenna College,claremont_mckenna,CA,#827717,False,False,False,6272,584,325,9.31,55.65,
112260,2019,Claremont McKenna College,claremont_mckenna,CA,#827717,False,False,False,6066,625,328,10.3,52.48,
112260,2020,Claremont McKenna College,claremont_mckenna,CA,#827717,False,False,False,5306,708,315,13.34,44.49,
112260,2021,Claremont McKenna College,claremont_mckenna,CA,#827717,False,False,False,5632,633,358,11.24,56.56,
112260,2022,Claremont McKenna College,claremont_mckenna,CA,#827717,False,False,False,5709,591,322,10.35,54.48,
161086,2002,Colby College,colby,ME,#1F5BA8,True,True,False,3873,1282,471,33.1,36.74,
161086,2003,Colby College,colby,ME,#1F5BA8,True,True,False,4126,1388,474,33.64,34.15,
161086,2004,Colby College,colby,ME,#1F5BA8,True,True,False,4065,1494,507,36.75,33.94,
161086,2005,Colby College,colby,ME,#1F5BA8,True,True,False,3874,1454,511,37.53,35.14,
161086,2006,Colby College,colby,ME,#1F5BA8,True,True,False,4242,1411,475,33.26,33.66,
161086,2007,Colby College,colby,ME,#1F5BA8,True,True,False,4679,1488,467,31.8,31.38,
161086,2008,Colby College,colby,ME,#1F5BA8,True,True,False,4835,1492,482,30.86,32.31,
161086,2009,Colby College,colby,ME,#1F5BA8,True,True,False,4519,1544,480,34.17,31.09,
161086,2010,Colby College,colby,ME,#1F5BA8,True,True,False,4213,1440,486,34.18,33.75,
161086,2011,Colby College,colby,ME,#1F5BA8,True,True,False,5186,1527,467,29.44,30.58,
161086,2012,Colby College,colby,ME,#1F5BA8,True,True,False,5241,1517,493,28.94,32.5,
161086,2013,Colby College,colby,ME,#1F5BA8,True,True,False,5407,1408,483,26.04,34.3,
161086,2014,Colby College,colby,ME,#1F5BA8,True,True,False,5148,1444,480,28.05,33.24,
161086,2015,Colby College,colby,ME,#1F5BA8,True,True,False,7593,1710,508,22.52,29.71,
161086,2016,Colby College,colby,ME,#1F5BA8,True,True,False,9833,1840,510,18.71,27.72,
161086,2017,Colby College,colby,ME,#1F5BA8,True,True,False,11190,1767,552,15.79,31.24,
161086,2018,Colby College,colby,ME,#1F5BA8,True,True,False,12313,1608,580,13.06,36.07,
161086,2019,Colby College,colby,ME,#1F5BA8,True,True,False,13584,1314,522,9.67,39.73,
161086,2020,Colby College,colby,ME,#1F5BA8,True,True,False,13922,1430,566,10.27,39.58,
161086,2021,Colby College,colby,ME,#1F5BA8,True,True,False,15857,1407,667,8.87,47.41,
161086,2022,Colby College,colby,ME,#1F5BA8,True,True,False,16890,1286,673,7.61,52.33,
198385,2002,Davidson College,davidson,NC,#BF360C,False,False,False,3387,1167,468,34.46,40.1,
198385,2003,Davidson College,davidson,NC,#BF360C,False,False,False,3927,1249,492,31.81,39.39,
198385,2004,Davidson College,davidson,NC,#BF360C,False,False,False,4154,1108,462,26.67,41.7,
198385,2005,Davidson College,davidson,NC,#BF360C,False,False,False,4315,1168,474,27.07,40.58,
198385,2006,Davidson College,davidson,NC,#BF360C,False,False,False,3895,1185,464,30.42,39.16,
198385,2007,Davidson College,davidson,NC,#BF360C,False,False,False,4080,1152,483,28.24,41.93,
198385,2008,Davidson College,davidson,NC,#BF360C,False,False,False,4412,1133,482,25.68,42.54,
198385,2009,Davidson College,davidson,NC,#BF360C,False,False,False,4494,1185,491,26.37,41.43,
198385,2010,Davidson College,davidson,NC,#BF360C,False,False,False,4088,1205,501,29.48,41.58,
198385,2011,Davidson College,davidson,NC,#BF360C,False,False,False,4759,1208,489,25.38,40.48,
198385,2012,Davidson College,davidson,NC,#BF360C,False,False,False,4770,1184,493,24.82,41.64,
198385,2013,Davidson College,davidson,NC,#BF360C,False,False,False,4745,1215,483,25.61,39.75,
198385,2014,Davidson College,davidson,NC,#BF360C,False,False,False,5560,1205,502,21.67,41.66,
198385,2015,Davidson College,davidson,NC,#BF360C,False,False,False,5382,1191,510,22.13,42.82,
198385,2016,Davidson College,davidson,NC,#BF360C,False,False,False,5618,1130,514,20.11,45.49,
198385,2017,Davidson College,davidson,NC,#BF360C,False,False,False,5673,1148,519,20.24,45.21,
198385,2018,Davidson College,davidson,NC,#BF360C,False,False,False,5724,1116,515,19.5,46.15,
198385,2019,Davidson College,davidson,NC,#BF360C,False,False,False,5982,1080,527,18.05,48.8,
198385,2020,Davidson College,davidson,NC,#BF360C,False,False,False,5621,1124,520,20.0,46.26,
198385,2021,Davidson College,davidson,NC,#BF360C,False,False,False,6434,1145,547,17.8,47.77,
198385,2022,Davidson College,davidson,NC,#BF360C,False,False,False,6479,1098,542,16.95,49.36,
153384,2002,Grinnell College,grinnell,IA,#1565C0,False,False,False,1980,1281,360,64.7,28.1,
153384,2003,Grinnell College,grinnell,IA,#1565C0,False,False,False,2284,1443,404,63.18,28.0,
153384,2004,Grinnell College,grinnell,IA,#1565C0,False,False,False,2284,1443,405,63.18,28.07,
153384,2005,Grinnell College,grinnell,IA,#1565C0,False,False,False,2970,1501,435,50.54,28.98,
153384,2006,Grinnell College,grinnell,IA,#1565C0,False,False,False,3121,1398,387,44.79,27.68,
153384,2007,Grinnell College,grinnell,IA,#1565C0,False,False,False,3104,1401,405,45.14,28.91,
153384,2008,Grinnell College,grinnell,IA,#1565C0,False,False,False,3217,1383,464,42.99,33.55,
153384,2009,Grinnell College,grinnell,IA,#1565C0,False,False,False,3291,1108,378,33.67,34.12,
153384,2010,Grinnell College,grinnell,IA,#1565C0,False,False,False,2845,1228,415,43.16,33.79,
153384,2011,Grinnell College,grinnell,IA,#1565C0,False,False,False,2969,1330,448,44.8,33.68,
153384,2012,Grinnell College,grinnell,IA,#1565C0,False,False,False,4021,1458,444,36.26,30.45,
153384,2013,Grinnell College,grinnell,IA,#1565C0,False,False,False,3979,1395,423,35.06,30.32,
153384,2014,Grinnell College,grinnell,IA,#1565C0,False,False,False,6058,1697,435,28.01,25.63,
153384,2015,Grinnell College,grinnell,IA,#1565C0,False,False,False,6414,1598,442,24.91,27.66,
153384,2016,Grinnell College,grinnell,IA,#1565C0,False,False,False,7370,1488,414,20.19,27.82,
153384,2017,Grinnell College,grinnell,IA,#1565C0,False,False,False,5850,1689,447,28.87,26.47,
153384,2018,Grinnell College,grinnell,IA,#1565C0,False,False,False,7349,1792,463,24.38,25.84,
153384,2019,Grinnell College,grinnell,IA,#1565C0,False,False,False,8004,1847,460,23.08,24.91,
153384,2020,Grinnell College,grinnell,IA,#1565C0,False,False,False,8137,1566,365,19.25,23.31,
153384,2021,Grinnell College,grinnell,IA,#1565C0,False,False,False,10513,1108,471,10.54,42.51,
153384,2022,Grinnell College,grinnell,IA,#1565C0,False,False,False,9997,1076,437,10.76,40.61,
191515,2002,Hamilton College,hamilton,NY,#283593,False,False,False,4565,1585,491,34.72,30.98,
191515,2003,Hamilton College,hamilton,NY,#283593,False,False,False,4405,1457,466,33.08,31.98,
191515,2004,Hamilton College,hamilton,NY,#283593,False,False,False,4445,1527,457,34.35,29.93,
191515,2005,Hamilton College,hamilton,NY,#283593,False,False,False,4189,1502,498,35.86,33.16,
191515,2006,Hamilton College,hamilton,NY,#283593,False,False,False,4267,1425,501,33.4,35.16,
191515,2007,Hamilton College,hamilton,NY,#283593,False,False,False,4962,1376,468,27.73,34.01,
191515,2008,Hamilton College,hamilton,NY,#283593,False,False,False,5073,1424,462,28.07,32.44,
191515,2009,Hamilton College,hamilton,NY,#283593,False,False,False,4661,1390,466,29.82,33.53,
191515,2010,Hamilton College,hamilton,NY,#283593,False,False,False,4857,1430,467,29.44,32.66,
191515,2011,Hamilton College,hamilton,NY,#283593,False,False,False,5265,1441,481,27.37,33.38,
191515,2012,Hamilton College,hamilton,NY,#283593,False,False,False,5107,1389,469,27.2,33.77,
191515,2013,Hamilton College,hamilton,NY,#283593,False,False,False,5017,1364,491,27.19,36.0,
191515,2014,Hamilton College,hamilton,NY,#283593,False,False,False,5071,1336,469,26.35,35.1,
191515,2015,Hamilton College,hamilton,NY,#283593,False,False,False,5434,1348,473,24.81,35.09,
191515,2016,Hamilton College,hamilton,NY,#283593,False,False,False,5230,1364,472,26.08,34.6,
191515,2017,Hamilton College,hamilton,NY,#283593,False,False,False,5678,1375,480,24.22,34.91,
191515,2018,Hamilton College,hamilton,NY,#283593,False,False,False,6240,1328,481,21.28,36.22,
191515,2019,Hamilton College,hamilton,NY,#283593,False,False,False,8339,1367,473,16.39,34.6,
191515,2020,Hamilton College,hamilton,NY,#283593,False,False,False,7443,1370,438,18.41,31.97,
191515,2021,Hamilton College,hamilton,NY,#283593,False,False,False,9380,1320,533,14.07,40.38,
191515,2022,Hamilton College,hamilton,NY,#283593,False,False,False,9899,1166,478,11.78,40.99,
115409,2002,Harvey Mudd College,harvey_mudd,CA,#37474F,False,False,False,1726,636,196,36.85,30.82,
115409,2003,Harvey Mudd College,harvey_mudd,CA,#37474F,False,False,False,1773,709,191,39.99,26.94,
115409,2004,Harvey Mudd College,harvey_mudd,CA,#37474F,False,False,False,1904,727,193,38.18,26.55,
115409,2005,Harvey Mudd College,harvey_mudd,CA,#37474F,False,False,False,1898,683,195,35.99,28.55,
115409,2006,Harvey Mudd College,harvey_mudd,CA,#37474F,False,False,False,1898,872,193,45.94,22.13,
115409,2007,Harvey Mudd College,harvey_mudd,CA,#37474F,False,False,False,2493,700,196,28.08,28.0,
115409,2008,Harvey Mudd College,harvey_mudd,CA,#37474F,False,False,False,2493,700,196,28.08,28.0,
115409,2009,Harvey Mudd College,harvey_mudd,CA,#37474F,False,False,False,2343,751,207,32.05,27.56,
115409,2010,Harvey Mudd College,harvey_mudd,CA,#37474F,False,False,False,2718,637,196,23.44,30.77,
115409,2011,Harvey Mudd College,harvey_mudd,CA,#37474F,False,False,False,3144,660,194,20.99,29.39,
115409,2012,Harvey Mudd College,harvey_mudd,CA,#37474F,False,False,False,3336,642,198,19.24,30.84,
115409,2013,Harvey Mudd College,harvey_mudd,CA,#37474F,False,False,False,3539,643,217,18.17,33.75,
115409,2014,Harvey Mudd College,harvey_mudd,CA,#37474F,False,False,False,3678,524,195,14.25,37.21,
115409,2015,Harvey Mudd College,harvey_mudd,CA,#37474F,False,False,False,4119,534,214,12.96,40.07,
115409,2016,Harvey Mudd College,harvey_mudd,CA,#37474F,False,False,False,4180,538,216,12.87,40.15,
115409,2017,Harvey Mudd College,harvey_mudd,CA,#37474F,False,False,False,4078,629,225,15.42,35.77,
115409,2018,Harvey Mudd College,harvey_mudd,CA,#37474F,False,False,False,4101,594,234,14.48,39.39,
115409,2019,Harvey Mudd College,harvey_mudd,CA,#37474F,False,False,False,4045,553,224,13.67,40.51,
115409,2020,Harvey Mudd College,harvey_mudd,CA,#37474F,False,False,False,3397,610,209,17.96,34.26,
115409,2021,Harvey Mudd College,harvey_mudd,CA,#37474F,False,False,False,4737,473,225,9.99,47.57,
115409,2022,Harvey Mudd College,harvey_mudd,CA,#37474F,False,False,False,4440,593,237,13.36,39.97,
230959,2002,Middlebury College,middlebury,VT,#4E342E,False,True,False,5299,1456,585,27.48,40.18,
230959,2003,Middlebury College,middlebury,VT,#4E342E,False,True,False,5464,1300,580,23.79,44.62,
230959,2004,Middlebury College,middlebury,VT,#4E342E,False,True,False,5702,1286,586,22.55,45.57,
230959,2005,Middlebury College,middlebury,VT,#4E342E,False,True,False,5254,1241,558,23.62,44.96,
230959,2006,Middlebury College,middlebury,VT,#4E342E,False,True,False,6184,1338,563,21.64,42.08,
230959,2007,Middlebury College,middlebury,VT,#4E342E,False,True,False,6205,1339,563,21.58,42.05,
230959,2008,Middlebury College,middlebury,VT,#4E342E,False,True,False,7180,1479,644,20.6,43.54,
230959,2009,Middlebury College,middlebury,VT,#4E342E,False,True,False,6904,1413,604,20.47,42.75,
230959,2010,Middlebury College,middlebury,VT,#4E342E,False,True,False,7984,1375,577,17.22,41.96,
230959,2011,Middlebury College,middlebury,VT,#4E342E,False,True,False,7984,1375,577,17.22,41.96,
230959,2012,Middlebury College,middlebury,VT,#4E342E,False,True,False,8533,1563,602,18.32,38.52,
230959,2013,Middlebury College,middlebury,VT,#4E342E,False,True,False,8847,1518,598,17.16,39.39,
230959,2014,Middlebury College,middlebury,VT,#4E342E,False,True,False,8195,1407,580,17.17,41.22,
230959,2015,Middlebury College,middlebury,VT,#4E342E,False,True,False,8891,1551,589,17.44,37.98,
230959,2016,Middlebury College,middlebury,VT,#4E342E,False,True,False,8819,1423,606,16.14,42.59,
230959,2017,Middlebury College,middlebury,VT,#4E342E,False,True,False,8909,1523,635,17.1,41.69,
230959,2018,Middlebury College,middlebury,VT,#4E342E,False,True,False,9227,1542,628,16.71,40.73,
230959,2019,Middlebury College,middlebury,VT,#4E342E,False,True,False,9754,1498,605,15.36,40.39,
230959,2020,Middlebury College,middlebury,VT,#4E342E,False,True,False,9174,2022,602,22.04,29.77,
230959,2021,Middlebury College,middlebury,VT,#4E342E,False,True,False,11906,1601,680,13.45,42.47,
230959,2022,Middlebury College,middlebury,VT,#4E342E,False,True,False,12952,1644,639,12.69,38.87,
121345,2002,Pomona College,pomona,CA,#E65100,False,False,False,4230,955,374,22.58,39.16,
121345,2003,Pomona College,pomona,CA,#E65100,False,False,False,4538,957,399,21.09,41.69,
121345,2004,Pomona College,pomona,CA,#E65100,False,False,False,4927,970,394,19.69,40.62,
121345,2005,Pomona College,pomona,CA,#E65100,False,False,False,5050,951,383,18.83,40.27,
121345,2006,Pomona College,pomona,CA,#E65100,False,False,False,5440,963,378,17.7,39.25,
121345,2007,Pomona College,pomona,CA,#E65100,False,False,False,5908,964,375,16.32,38.9,
121345,2008,Pomona College,pomona,CA,#E65100,False,False,False,6293,981,382,15.59,38.94,
121345,2009,Pomona College,pomona,CA,#E65100,False,False,False,6149,992,390,16.13,39.31,
121345,2010,Pomona College,pomona,CA,#E65100,False,False,False,6764,997,401,14.74,40.22,
121345,2011,Pomona College,pomona,CA,#E65100,False,False,False,7207,1011,394,14.03,38.97,
121345,2012,Pomona College,pomona,CA,#E65100,False,False,False,7456,966,399,12.96,41.3,
121345,2013,Pomona College,pomona,CA,#E65100,False,False,False,7153,996,397,13.92,39.86,
121345,2014,Pomona College,pomona,CA,#E65100,False,False,False,7727,942,450,12.19,47.77,
121345,2015,Pomona College,pomona,CA,#E65100,False,False,False,8099,834,400,10.3,47.96,
121345,2016,Pomona College,pomona,CA,#E65100,False,False,False,8102,765,411,9.44,53.73,
121345,2017,Pomona College,pomona,CA,#E65100,False,False,False,9045,756,412,8.36,54.5,
121345,2018,Pomona College,pomona,CA,#E65100,False,False,False,10245,780,412,7.61,52.82,
121345,2019,Pomona College,pomona,CA,#E65100,False,False,False,10401,770,416,7.4,54.03,
121345,2020,Pomona College,pomona,CA,#E65100,False,False,False,10388,895,399,8.62,44.58,
121345,2021,Pomona College,pomona,CA,#E65100,False,False,False,11620,771,451,6.64,58.5,
121345,2022,Pomona College,pomona,CA,#E65100,False,False,False,10666,749,413,7.02,55.14,
167835,2002,Smith College,smith,MA,#00695C,False,True,False,3047,1616,679,53.04,42.02,
167835,2003,Smith College,smith,MA,#00695C,False,True,False,3304,1705,635,51.6,37.24,
167835,2004,Smith College,smith,MA,#00695C,False,True,False,2993,1694,696,56.6,41.09,
167835,2005,Smith College,smith,MA,#00695C,False,True,False,3408,1649,617,48.39,37.42,
167835,2006,Smith College,smith,MA,#00695C,False,True,False,3427,1819,674,53.08,37.05,
167835,2007,Smith College,smith,MA,#00695C,False,True,False,3329,1726,659,51.85,38.18,
167835,2008,Smith College,smith,MA,#00695C,False,True,False,3771,1800,643,47.73,35.72,
167835,2009,Smith College,smith,MA,#00695C,False,True,False,4011,1904,665,47.47,34.93,
167835,2010,Smith College,smith,MA,#00695C,False,True,False,4015,1881,631,46.85,33.55,
167835,2011,Smith College,smith,MA,#00695C,False,True,False,4128,1877,694,45.47,36.97,
167835,2012,Smith College,smith,MA,#00695C,False,True,False,4321,1842,651,42.63,35.34,
167835,2013,Smith College,smith,MA,#00695C,False,True,False,4403,1897,643,43.08,33.9,
167835,2014,Smith College,smith,MA,#00695C,False,True,False,4466,1885,616,42.21,32.68,
167835,2015,Smith College,smith,MA,#00695C,False,True,False,5006,1897,609,37.89,32.1,
167835,2016,Smith College,smith,MA,#00695C,False,True,False,5254,1956,654,37.23,33.44,
167835,2017,Smith College,smith,MA,#00695C,False,True,False,5432,1731,639,31.87,36.92,
167835,2018,Smith College,smith,MA,#00695C,False,True,False,5780,1789,613,30.95,34.26,
167835,2019,Smith College,smith,MA,#00695C,False,True,False,5597,1817,633,32.46,34.84,
167835,2020,Smith College,smith,MA,#00695C,False,True,False,5249,1917,527,36.52,27.49,
167835,2021,Smith College,smith,MA,#00695C,False,True,False,6064,1814,676,29.91,37.27,
167835,2022,Smith College,smith,MA,#00695C,False,True,False,7269,1662,619,22.86,37.24,
216287,2002,Swarthmore College,swarthmore,PA,#558B2F,False,False,False,3886,933,371,24.01,39.76,
216287,2003,Swarthmore College,swarthmore,PA,#558B2F,False,False,False,3908,920,368,23.54,40.0,
216287,2004,Swarthmore College,swarthmore,PA,#558B2F,False,False,False,3680,933,366,25.35,39.23,
216287,2005,Swarthmore College,swarthmore,PA,#558B2F,False,False,False,4085,917,389,22.45,42.42,
216287,2006,Swarthmore College,swarthmore,PA,#558B2F,False,False,False,4852,923,370,19.02,40.09,
216287,2007,Swarthmore College,swarthmore,PA,#558B2F,False,False,False,5242,930,365,17.74,39.25,
216287,2008,Swarthmore College,swarthmore,PA,#558B2F,False,False,False,6121,963,372,15.73,38.63,
216287,2009,Swarthmore College,swarthmore,PA,#558B2F,False,False,False,5575,969,394,17.38,40.66,
216287,2010,Swarthmore College,swarthmore,PA,#558B2F,False,False,False,6041,974,388,16.12,39.84,
216287,2011,Swarthmore College,swarthmore,PA,#558B2F,False,False,False,6547,987,386,15.08,39.11,
216287,2012,Swarthmore College,swarthmore,PA,#558B2F,False,False,False,6589,935,378,14.19,40.43,
216287,2013,Swarthmore College,swarthmore,PA,#558B2F,False,False,False,6615,947,388,14.32,40.97,
216287,2014,Swarthmore College,swarthmore,PA,#558B2F,False,False,False,5540,943,407,17.02,43.16,
216287,2015,Swarthmore College,swarthmore,PA,#558B2F,False,False,False,7818,976,407,12.48,41.7,
216287,2016,Swarthmore College,swarthmore,PA,#558B2F,False,False,False,7717,988,415,12.8,42.0,
216287,2017,Swarthmore College,swarthmore,PA,#558B2F,False,False,False,9382,1004,392,10.7,39.04,
216287,2018,Swarthmore College,swarthmore,PA,#558B2F,False,False,False,10749,1020,414,9.49,40.59,
216287,2019,Swarthmore College,swarthmore,PA,#558B2F,False,False,False,11442,1022,417,8.93,40.8,
216287,2020,Swarthmore College,swarthmore,PA,#558B2F,False,False,False,11630,1054,374,9.06,35.48,
216287,2021,Swarthmore College,swarthmore,PA,#558B2F,False,False,False,13012,1013,454,7.79,44.82,
216287,2022,Swarthmore College,swarthmore,PA,#558B2F,False,False,False,14707,1019,433,6.93,42.49,
197133,2002,Vassar College,vassar,NY,#6A1B9A,False,False,False,5733,1780,635,31.05,35.67,
197133,2003,Vassar College,vassar,NY,#6A1B9A,False,False,False,5733,1780,634,31.05,35.62,
197133,2004,Vassar College,vassar,NY,#6A1B9A,False,False,False,6207,1806,632,29.1,34.99,
197133,2005,Vassar College,vassar,NY,#6A1B9A,False,False,False,6314,1803,650,28.56,36.05,
197133,2006,Vassar College,vassar,NY,#6A1B9A,False,False,False,6075,1829,670,30.11,36.63,
197133,2007,Vassar College,vassar,NY,#6A1B9A,False,False,False,6075,1829,670,30.11,36.63,
197133,2008,Vassar College,vassar,NY,#6A1B9A,False,False,False,7361,1839,640,24.98,34.8,
197133,2009,Vassar College,vassar,NY,#6A1B9A,False,False,False,7577,1873,660,24.72,35.24,
197133,2010,Vassar College,vassar,NY,#6A1B9A,False,False,False,7822,1847,666,23.61,36.06,
197133,2011,Vassar College,vassar,NY,#6A1B9A,False,False,False,7985,1798,671,22.52,37.32,
197133,2012,Vassar College,vassar,NY,#6A1B9A,False,False,False,7908,1806,660,22.84,36.54,
197133,2013,Vassar College,vassar,NY,#6A1B9A,False,False,False,7597,1832,666,24.11,36.35,
197133,2014,Vassar College,vassar,NY,#6A1B9A,False,False,False,7784,1832,665,23.54,36.3,
197133,2015,Vassar College,vassar,NY,#6A1B9A,False,False,False,7567,1947,668,25.73,34.31,
197133,2016,Vassar College,vassar,NY,#6A1B9A,False,False,False,7306,1964,659,26.88,33.55,
197133,2017,Vassar College,vassar,NY,#6A1B9A,False,False,False,7746,1842,624,23.78,33.88,
197133,2018,Vassar College,vassar,NY,#6A1B9A,False,False,False,8312,2043,686,24.58,33.58,
197133,2019,Vassar College,vassar,NY,#6A1B9A,False,False,False,8961,2127,691,23.74,32.49,
197133,2020,Vassar College,vassar,NY,#6A1B9A,False,False,False,8663,2126,588,24.54,27.66,
197133,2021,Vassar College,vassar,NY,#6A1B9A,False,False,False,10884,2193,679,20.15,30.96,
197133,2022,Vassar College,vassar,NY,#6A1B9A,False,False,False,11412,2129,681,18.66,31.99,
234207,2002,Washington and Lee University,washington_lee,VA,#004D40,False,False,False,3188,992,458,31.12,46.17,
234207,2003,Washington and Lee University,washington_lee,VA,#004D40,False,False,False,3185,995,453,31.24,45.53,
234207,2004,Washington and Lee University,washington_lee,VA,#004D40,False,False,False,3649,1078,460,29.54,42.67,
234207,2005,Washington and Lee University,washington_lee,VA,#004D40,False,False,False,3950,1141,464,28.89,40.67,
234207,2006,Washington and Lee University,washington_lee,VA,#004D40,False,False,False,4215,1158,450,27.47,38.86,
234207,2007,Washington and Lee University,washington_lee,VA,#004D40,False,False,False,3719,1018,462,27.37,45.38,
234207,2008,Washington and Lee University,washington_lee,VA,#004D40,False,False,False,6387,1075,454,16.83,42.23,
234207,2009,Washington and Lee University,washington_lee,VA,#004D40,False,False,False,6222,1181,472,18.98,39.97,
234207,2010,Washington and Lee University,washington_lee,VA,#004D40,False,False,False,6627,1259,472,19.0,37.49,
234207,2011,Washington and Lee University,washington_lee,VA,#004D40,False,False,False,6487,1182,495,18.22,41.88,
234207,2012,Washington and Lee University,washington_lee,VA,#004D40,False,False,False,5972,1163,479,19.47,41.19,
234207,2013,Washington and Lee University,washington_lee,VA,#004D40,False,False,False,6222,1147,480,18.43,41.85,
234207,2014,Washington and Lee University,washington_lee,VA,#004D40,False,False,False,5837,1136,471,19.46,41.46,
234207,2015,Washington and Lee University,washington_lee,VA,#004D40,False,False,False,5377,1284,454,23.88,35.36,
234207,2016,Washington and Lee University,washington_lee,VA,#004D40,False,False,False,5101,1203,466,23.58,38.74,
234207,2017,Washington and Lee University,washington_lee,VA,#004D40,False,False,False,5455,1200,471,22.0,39.25,
234207,2018,Washington and Lee University,washington_lee,VA,#004D40,False,False,False,5855,1239,474,21.16,38.26,
234207,2019,Washington and Lee University,washington_lee,VA,#004D40,False,False,False,6178,1147,462,18.57,40.28,
234207,2020,Washington and Lee University,washington_lee,VA,#004D40,False,False,False,4998,1225,459,24.51,37.47,
234207,2021,Washington and Lee University,washington_lee,VA,#004D40,False,False,False,6621,1248,484,18.85,38.78,
234207,2022,Washington and Lee University,washington_lee,VA,#004D40,False,False,False,7224,1225,476,16.96,38.86,
168218,2002,Wellesley College,wellesley,MA,#2E7D32,False,True,False,2877,1354,594,47.06,43.87,
168218,2003,Wellesley College,wellesley,MA,#2E7D32,False,True,False,3491,1391,591,39.85,42.49,
168218,2004,Wellesley College,wellesley,MA,#2E7D32,False,True,False,4094,1477,617,36.08,41.77,
168218,2005,Wellesley College,wellesley,MA,#2E7D32,False,True,False,4347,1463,605,33.66,41.35,
168218,2006,Wellesley College,wellesley,MA,#2E7D32,False,True,False,3974,1434,586,36.08,40.86,
168218,2007,Wellesley College,wellesley,MA,#2E7D32,False,True,False,4017,1434,590,35.7,41.14,
168218,2008,Wellesley College,wellesley,MA,#2E7D32,False,True,False,4001,1442,596,36.04,41.33,
168218,2009,Wellesley College,wellesley,MA,#2E7D32,False,True,False,4156,1462,589,35.18,40.29,
168218,2010,Wellesley College,wellesley,MA,#2E7D32,False,True,False,4318,1438,633,33.3,44.02,
168218,2011,Wellesley College,wellesley,MA,#2E7D32,False,True,False,4439,1362,574,30.68,42.14,
168218,2012,Wellesley College,wellesley,MA,#2E7D32,False,True,False,4548,1349,586,29.66,43.44,
168218,2013,Wellesley College,wellesley,MA,#2E7D32,False,True,False,4765,1387,595,29.11,42.9,
168218,2014,Wellesley College,wellesley,MA,#2E7D32,False,True,False,4710,1418,593,30.11,41.82,
168218,2015,Wellesley College,wellesley,MA,#2E7D32,False,True,False,4623,1380,595,29.85,43.12,
168218,2016,Wellesley College,wellesley,MA,#2E7D32,False,True,False,4854,1388,590,28.59,42.51,
168218,2017,Wellesley College,wellesley,MA,#2E7D32,False,True,False,5666,1251,605,22.08,48.36,
168218,2018,Wellesley College,wellesley,MA,#2E7D32,False,True,False,6631,1296,614,19.54,47.38,
168218,2019,Wellesley College,wellesley,MA,#2E7D32,False,True,False,6395,1379,612,21.56,44.38,
168218,2020,Wellesley College,wellesley,MA,#2E7D32,False,True,False,6581,1343,580,20.41,43.19,
168218,2021,Wellesley College,wellesley,MA,#2E7D32,False,True,False,7663,1240,606,16.18,48.87,
168218,2022,Wellesley College,wellesley,MA,#2E7D32,False,True,False,8491,1152,585,13.57,50.78,
130697,2002,Wesleyan University,wesleyan,CT,#C62828,False,True,False,6474,1818,718,28.08,39.49,
130697,2003,Wesleyan University,wesleyan,CT,#C62828,False,True,False,6474,1818,720,28.08,39.6,
130697,2004,Wesleyan University,wesleyan,CT,#C62828,False,True,False,6568,1843,729,28.06,39.56,
130697,2005,Wesleyan University,wesleyan,CT,#C62828,False,True,False,6568,1843,729,28.06,39.56,
130697,2006,Wesleyan University,wesleyan,CT,#C62828,False,True,False,6879,1902,717,27.65,37.7,
130697,2007,Wesleyan University,wesleyan,CT,#C62828,False,True,False,7242,2012,720,27.78,35.79,
130697,2008,Wesleyan University,wesleyan,CT,#C62828,False,True,False,7750,2123,733,27.39,34.53,
130697,2009,Wesleyan University,wesleyan,CT,#C62828,False,True,False,8250,2245,715,27.21,31.85,
130697,2010,Wesleyan University,wesleyan,CT,#C62828,False,True,False,10068,2218,745,22.03,33.59,
130697,2011,Wesleyan University,wesleyan,CT,#C62828,False,True,False,10657,2190,748,20.55,34.16,
130697,2012,Wesleyan University,wesleyan,CT,#C62828,False,True,False,9658,2340,808,24.23,34.53,
130697,2013,Wesleyan University,wesleyan,CT,#C62828,False,True,False,10046,2102,752,20.92,35.78,
130697,2014,Wesleyan University,wesleyan,CT,#C62828,False,True,False,9390,2245,750,23.91,33.41,
130697,2015,Wesleyan University,wesleyan,CT,#C62828,False,True,False,9822,2180,757,22.2,34.72,
130697,2016,Wesleyan University,wesleyan,CT,#C62828,False,True,False,11928,2129,774,17.85,36.36,
130697,2017,Wesleyan University,wesleyan,CT,#C62828,False,True,False,12360,2013,761,16.29,37.8,
130697,2018,Wesleyan University,wesleyan,CT,#C62828,False,True,False,12706,2218,803,17.46,36.2,
130697,2019,Wesleyan University,wesleyan,CT,#C62828,False,True,False,13264,2186,771,16.48,35.27,
130697,2020,Wesleyan University,wesleyan,CT,#C62828,False,True,False,12632,2640,720,20.9,27.27,
130697,2021,Wesleyan University,wesleyan,CT,#C62828,False,True,False,13067,2540,910,19.44,35.83,
130697,2022,Wesleyan University,wesleyan,CT,#C62828,False,True,False,14521,2096,743,14.43,35.45,
168342,2002,Williams College,williams,MA,#500082,False,True,False,4931,1122,539,22.75,48.04,
168342,2003,Williams College,williams,MA,#500082,False,True,False,5341,1133,533,21.21,47.04,
168342,2004,Williams College,williams,MA,#500082,False,True,False,5705,1093,533,19.16,48.76,
168342,2005,Williams College,williams,MA,#500082,False,True,False,5822,1095,536,18.81,48.95,
168342,2006,Williams College,williams,MA,#500082,False,True,False,5999,1146,534,19.1,46.6,
168342,2007,Williams College,williams,MA,#500082,False,True,False,5999,1146,534,19.1,46.6,
168342,2008,Williams College,williams,MA,#500082,False,True,False,7552,1281,539,16.96,42.08,
168342,2009,Williams College,williams,MA,#500082,False,True,False,6017,1229,550,20.43,44.75,
168342,2010,Williams College,williams,MA,#500082,False,True,False,6017,1229,546,20.43,44.43,
168342,2011,Williams College,williams,MA,#500082,False,True,False,6631,1241,548,18.72,44.16,
168342,2012,Williams College,williams,MA,#500082,False,True,False,7030,1215,545,17.28,44.86,
168342,2013,Williams College,williams,MA,#500082,False,True,False,7069,1203,547,17.02,45.47,
168342,2014,Williams College,williams,MA,#500082,False,True,False,6316,1220,546,19.32,44.75,
168342,2015,Williams College,williams,MA,#500082,False,True,False,6883,1212,551,17.61,45.46,
168342,2016,Williams College,williams,MA,#500082,False,True,False,6985,1230,553,17.61,44.96,
168342,2017,Williams College,williams,MA,#500082,False,True,False,8593,1253,548,14.58,43.74,
168342,2018,Williams College,williams,MA,#500082,False,True,False,9560,1240,533,12.97,42.98,
168342,2019,Williams College,williams,MA,#500082,False,True,False,9715,1224,546,12.6,44.61,
168342,2020,Williams College,williams,MA,#500082,False,True,False,8744,1322,482,15.12,36.46,
168342,2021,Williams College,williams,MA,#500082,False,True,False,12452,1099,574,8.83,52.23,
168342,2022,Williams College,williams,MA,#500082,False,True,False,15321,1302,577,8.5,44.32,
